<?xml version='1.0' encoding='utf-8'?>
<!--
  Licensed to the Apache Software Foundation (ASF) under one or more
  contributor license agreements.  See the NOTICE file distributed with
  this work for additional information regarding copyright ownership.
  The ASF licenses this file to You under the Apache License, Version 2.0
  (the "License"); you may not use this file except in compliance with
  the License.  You may obtain a copy of the License at

      http://www.apache.org/licenses/LICENSE-2.0

  Unless required by applicable law or agreed to in writing, software
  distributed under the License is distributed on an "AS IS" BASIS,
  WITHOUT WARRANTIES OR CONDITIONS OF ANY KIND, either express or implied.
  See the License for the specific language governing permissions and
  limitations under the License.
-->
<Server>
  <!--APR library loader. Documentation at /docs/apr.html -->
  <Listener className="org.apache.catalina.core.AprLifecycleListener" SSLEngine="on" />
  <!--Initialize Jasper prior to webapps are loaded. Documentation at /docs/jasper-howto.html -->
  <Listener className="org.apache.catalina.core.JasperListener" />
  <!-- Prevent memory leaks due to use of particular java/javax APIs-->
  <Listener className="org.apache.catalina.core.JreMemoryLeakPreventionListener" />
  <Listener className="org.apache.catalina.mbeans.GlobalResourcesLifecycleListener" />
  <Listener className="org.apache.catalina.core.ThreadLocalLeakPreventionListener" />
  <Listener className="org.eclipse.virgo.web.tomcat.support.ServerLifecycleLoggingListener"/>

  <Service name="Catalina">
    <Connector port="9000" protocol="HTTP/1.1"
               connectionTimeout="20000"
               redirectPort="8443" />

    <Connector port="8443" protocol="HTTP/1.1" SSLEnabled="true"
               maxThreads="150" scheme="https" secure="true"
               clientAuth="false" sslProtocol="TLS"
               keystoreFile="configuration/keystore"
               keystorePass="changeit"/>

    <Connector port="8009" protocol="AJP/1.3" redirectPort="8443" />

    <Engine name="Catalina" defaultHost="localhost">
      <Realm className="org.apache.catalina.realm.JAASRealm" appName="virgo-kernel"
             userClassNames="org.eclipse.virgo.nano.authentication.User"
             roleClassNames="org.eclipse.virgo.nano.authentication.Role"/>

      <Host name="localhost" appBase=""
            unpackWARs="false" autoDeploy="false"
            deployOnStartup="false" createDirs="false">

        <Valve className="org.apache.catalina.valves.AccessLogValve" directory="serviceability/logs/access"
               prefix="localhost_access_log." suffix=".txt" pattern="common" resolveHosts="false"/>

        <Valve className="org.eclipse.virgo.web.tomcat.support.ApplicationNameTrackingValve"/>
      </Host>
    </Engine>
  </Service>
</Server>
