<?xml version='1.0' encoding='UTF-8'?>
<?artifactRepository version='1.1.0'?>
<repository name='download cache' type='org.eclipse.equinox.p2.artifact.repository.simpleRepository' version='1.0.0'>
  <properties size='2'>
    <property name='p2.system' value='true'/>
    <property name='p2.timestamp' value='1440725984399'/>
  </properties>
  <mappings size='3'>
    <rule filter='(&amp; (classifier=osgi.bundle))' output='${repoUrl}/plugins/${id}_${version}.jar'/>
    <rule filter='(&amp; (classifier=binary))' output='${repoUrl}/binary/${id}_${version}'/>
    <rule filter='(&amp; (classifier=org.eclipse.update.feature))' output='${repoUrl}/features/${id}_${version}.jar'/>
  </mappings>
  <artifacts size='4'>
    <artifact classifier='binary' id='tomcat_server_resources' version='1.0.0'>
      <properties size='1'>
        <property name='download.size' value='29933986'/>
      </properties>
    </artifact>
    <artifact classifier='binary' id='nano_common_resources' version='1.0.0'>
      <properties size='1'>
        <property name='download.size' value='178287'/>
      </properties>
    </artifact>
    <artifact classifier='binary' id='scripts' version='1.0.0'>
      <properties size='1'>
        <property name='download.size' value='11475'/>
      </properties>
    </artifact>
    <artifact classifier='binary' id='kernel_resources' version='1.0.0'>
      <properties size='1'>
        <property name='download.size' value='4460579'/>
      </properties>
    </artifact>
  </artifacts>
</repository>
